{
  "hash": "4b29bc1c",
  "configHash": "2a1bebb7",
  "lockfileHash": "d1b3dac9",
  "browserHash": "bcadeee7",
  "optimized": {
    "@angular/common/http": {
      "src": "../../../../../node_modules/@angular/common/fesm2022/http.mjs",
      "file": "@angular_common_http.js",
      "fileHash": "666022eb",
      "needsInterop": false
    },
    "@angular/core": {
      "src": "../../../../../node_modules/@angular/core/fesm2022/core.mjs",
      "file": "@angular_core.js",
      "fileHash": "ea23c2a9",
      "needsInterop": false
    },
    "@angular/forms": {
      "src": "../../../../../node_modules/@angular/forms/fesm2022/forms.mjs",
      "file": "@angular_forms.js",
      "fileHash": "7c42678e",
      "needsInterop": false
    },
    "@angular/material/button": {
      "src": "../../../../../node_modules/@angular/material/fesm2022/button.mjs",
      "file": "@angular_material_button.js",
      "fileHash": "e975279d",
      "needsInterop": false
    },
    "@angular/material/card": {
      "src": "../../../../../node_modules/@angular/material/fesm2022/card.mjs",
      "file": "@angular_material_card.js",
      "fileHash": "30ba834e",
      "needsInterop": false
    },
    "@angular/material/form-field": {
      "src": "../../../../../node_modules/@angular/material/fesm2022/form-field.mjs",
      "file": "@angular_material_form-field.js",
      "fileHash": "b25a5fbb",
      "needsInterop": false
    },
    "@angular/material/input": {
      "src": "../../../../../node_modules/@angular/material/fesm2022/input.mjs",
      "file": "@angular_material_input.js",
      "fileHash": "b8386cc6",
      "needsInterop": false
    },
    "@angular/material/radio": {
      "src": "../../../../../node_modules/@angular/material/fesm2022/radio.mjs",
      "file": "@angular_material_radio.js",
      "fileHash": "d46ef5ea",
      "needsInterop": false
    },
    "@angular/material/table": {
      "src": "../../../../../node_modules/@angular/material/fesm2022/table.mjs",
      "file": "@angular_material_table.js",
      "fileHash": "194389db",
      "needsInterop": false
    },
    "@angular/material/toolbar": {
      "src": "../../../../../node_modules/@angular/material/fesm2022/toolbar.mjs",
      "file": "@angular_material_toolbar.js",
      "fileHash": "d5259996",
      "needsInterop": false
    },
    "@angular/platform-browser": {
      "src": "../../../../../node_modules/@angular/platform-browser/fesm2022/platform-browser.mjs",
      "file": "@angular_platform-browser.js",
      "fileHash": "8dd1f1de",
      "needsInterop": false
    },
    "@angular/platform-browser/animations/async": {
      "src": "../../../../../node_modules/@angular/platform-browser/fesm2022/animations/async.mjs",
      "file": "@angular_platform-browser_animations_async.js",
      "fileHash": "d2bf08cc",
      "needsInterop": false
    },
    "@angular/router": {
      "src": "../../../../../node_modules/@angular/router/fesm2022/router.mjs",
      "file": "@angular_router.js",
      "fileHash": "ff93d473",
      "needsInterop": false
    }
  },
  "chunks": {
    "chunk-5IBY5BWJ": {
      "file": "chunk-5IBY5BWJ.js"
    },
    "browser-3LAMR5OB": {
      "file": "browser-3LAMR5OB.js"
    },
    "chunk-MEWT6VGM": {
      "file": "chunk-MEWT6VGM.js"
    },
    "chunk-SJFCSCHN": {
      "file": "chunk-SJFCSCHN.js"
    },
    "chunk-E5RCFKAB": {
      "file": "chunk-E5RCFKAB.js"
    },
    "chunk-SS5V63FO": {
      "file": "chunk-SS5V63FO.js"
    },
    "chunk-JGUPSZCF": {
      "file": "chunk-JGUPSZCF.js"
    },
    "chunk-UMSLN7NE": {
      "file": "chunk-UMSLN7NE.js"
    },
    "chunk-TMBYDEFG": {
      "file": "chunk-TMBYDEFG.js"
    },
    "chunk-VSB7AROP": {
      "file": "chunk-VSB7AROP.js"
    }
  }
}